id,winner_model_a,winner_model_b,winner_tie
136060,0.2587458,0.2533359,0.4879183
211333,0.41442806,0.24159668,0.34397525
1233961,0.33408874,0.29396892,0.3719424
